<ImportExportXml version="9.2.22034.154" SolutionPackageVersion="9.2" languagecode="1033" generatedBy="CrmLive" xmlns:xsi="http://www.w3.org/2001/XMLSchema-instance">
  <SolutionManifest>
    <UniqueName>HealthcareSkills</UniqueName>
    <LocalizedNames>
      <LocalizedName description="Healthcare Skills" languagecode="1033" />
    </LocalizedNames>
    <Descriptions />
    <Version>1.0.2.0</Version>
    <Managed>0</Managed>
    <Publisher>
      <UniqueName>HealthcareAcceleration</UniqueName>
      <LocalizedNames>
        <LocalizedName description="Healthcare Acceleration" languagecode="1033" />
      </LocalizedNames>
      <Descriptions />
      <EMailAddress xsi:nil="true"></EMailAddress>
      <SupportingWebsiteUrl xsi:nil="true"></SupportingWebsiteUrl>
      <CustomizationPrefix>hsa</CustomizationPrefix>
      <CustomizationOptionValuePrefix>12300</CustomizationOptionValuePrefix>
      <Addresses>
        <Address>
          <AddressNumber>1</AddressNumber>
          <AddressTypeCode>1</AddressTypeCode>
          <City xsi:nil="true"></City>
          <County xsi:nil="true"></County>
          <Country xsi:nil="true"></Country>
          <Fax xsi:nil="true"></Fax>
          <FreightTermsCode xsi:nil="true"></FreightTermsCode>
          <ImportSequenceNumber xsi:nil="true"></ImportSequenceNumber>
          <Latitude xsi:nil="true"></Latitude>
          <Line1 xsi:nil="true"></Line1>
          <Line2 xsi:nil="true"></Line2>
          <Line3 xsi:nil="true"></Line3>
          <Longitude xsi:nil="true"></Longitude>
          <Name xsi:nil="true"></Name>
          <PostalCode xsi:nil="true"></PostalCode>
          <PostOfficeBox xsi:nil="true"></PostOfficeBox>
          <PrimaryContactName xsi:nil="true"></PrimaryContactName>
          <ShippingMethodCode>1</ShippingMethodCode>
          <StateOrProvince xsi:nil="true"></StateOrProvince>
          <Telephone1 xsi:nil="true"></Telephone1>
          <Telephone2 xsi:nil="true"></Telephone2>
          <Telephone3 xsi:nil="true"></Telephone3>
          <TimeZoneRuleVersionNumber xsi:nil="true"></TimeZoneRuleVersionNumber>
          <UPSZone xsi:nil="true"></UPSZone>
          <UTCOffset xsi:nil="true"></UTCOffset>
          <UTCConversionTimeZoneCode xsi:nil="true"></UTCConversionTimeZoneCode>
        </Address>
        <Address>
          <AddressNumber>2</AddressNumber>
          <AddressTypeCode>1</AddressTypeCode>
          <City xsi:nil="true"></City>
          <County xsi:nil="true"></County>
          <Country xsi:nil="true"></Country>
          <Fax xsi:nil="true"></Fax>
          <FreightTermsCode xsi:nil="true"></FreightTermsCode>
          <ImportSequenceNumber xsi:nil="true"></ImportSequenceNumber>
          <Latitude xsi:nil="true"></Latitude>
          <Line1 xsi:nil="true"></Line1>
          <Line2 xsi:nil="true"></Line2>
          <Line3 xsi:nil="true"></Line3>
          <Longitude xsi:nil="true"></Longitude>
          <Name xsi:nil="true"></Name>
          <PostalCode xsi:nil="true"></PostalCode>
          <PostOfficeBox xsi:nil="true"></PostOfficeBox>
          <PrimaryContactName xsi:nil="true"></PrimaryContactName>
          <ShippingMethodCode>1</ShippingMethodCode>
          <StateOrProvince xsi:nil="true"></StateOrProvince>
          <Telephone1 xsi:nil="true"></Telephone1>
          <Telephone2 xsi:nil="true"></Telephone2>
          <Telephone3 xsi:nil="true"></Telephone3>
          <TimeZoneRuleVersionNumber xsi:nil="true"></TimeZoneRuleVersionNumber>
          <UPSZone xsi:nil="true"></UPSZone>
          <UTCOffset xsi:nil="true"></UTCOffset>
          <UTCConversionTimeZoneCode xsi:nil="true"></UTCConversionTimeZoneCode>
        </Address>
      </Addresses>
    </Publisher>
    <RootComponents>
      <RootComponent type="1" schemaName="bookableresource" behavior="2" />
      <RootComponent type="1" schemaName="bookableresourcecharacteristic" behavior="2" />
      <RootComponent type="1" schemaName="characteristic" behavior="2" />
      <RootComponent type="9" schemaName="bookableresourcecharacteristictype" behavior="0" />
      <RootComponent type="62" schemaName="msemr_HealthcareAdministration" behavior="0" />
      <RootComponent type="80" schemaName="msemr_HealthcareAdministration" behavior="0" />
    </RootComponents>
    <MissingDependencies>
      <MissingDependency>
        <Required type="1" schemaName="bookableresource" displayName="Bookable Resource" solution="msdynce_Scheduling (9.0.0.0)" />
        <Dependent type="1" schemaName="bookableresource" displayName="Bookable Resource" />
      </MissingDependency>
      <MissingDependency>
        <Required type="1" schemaName="bookableresource" displayName="Bookable Resource" solution="msdynce_Scheduling (9.0.0.0)" />
        <Dependent type="60" displayName="Bookable Resource main form" parentDisplayName="Bookable Resource" id="{95c507bc-7bc6-ec11-a7b6-000d3a8dba7d}" />
      </MissingDependency>
      <MissingDependency>
        <Required type="1" schemaName="bookableresource" displayName="Bookable Resource" solution="msdynce_Scheduling (9.0.0.0)" />
        <Dependent type="80" schemaName="msemr_HealthcareAdministration" displayName="Healthcare Administration" />
      </MissingDependency>
      <MissingDependency>
        <Required type="1" schemaName="bookableresourcecategoryassn" displayName="Bookable Resource Category Assn" solution="msdynce_Scheduling (9.0.0.0)" />
        <Dependent type="60" displayName="Bookable Resource main form" parentDisplayName="Bookable Resource" id="{95c507bc-7bc6-ec11-a7b6-000d3a8dba7d}" />
      </MissingDependency>
      <MissingDependency>
        <Required type="1" schemaName="bookableresourcecharacteristic" displayName="Bookable Resource Characteristic" solution="msdynce_Scheduling (9.0.0.0)" />
        <Dependent type="1" schemaName="bookableresourcecharacteristic" displayName="Bookable Resource Characteristic" />
      </MissingDependency>
      <MissingDependency>
        <Required type="1" schemaName="bookableresourcecharacteristic" displayName="Bookable Resource Characteristic" solution="msdynce_Scheduling (9.0.0.0)" />
        <Dependent type="26" schemaName="Resources by Specialty" displayName="Resources by Specialty" parentSchemaName="bookableresourcecharacteristic" parentDisplayName="Bookable Resource Characteristic" id="{b0598099-6dc5-ec11-a7b6-000d3a8dba7d}" />
      </MissingDependency>
      <MissingDependency>
        <Required type="1" schemaName="bookableresourcecharacteristic" displayName="Bookable Resource Characteristic" solution="msdynce_Scheduling (9.0.0.0)" />
        <Dependent type="26" schemaName="Resources by State License" displayName="Resources by State License" parentSchemaName="bookableresourcecharacteristic" parentDisplayName="Bookable Resource Characteristic" id="{e157ca7e-6dc5-ec11-a7b6-000d3a8dba7d}" />
      </MissingDependency>
      <MissingDependency>
        <Required type="1" schemaName="bookableresourcecharacteristic" displayName="Bookable Resource Characteristic" solution="msdynce_Scheduling (9.0.0.0)" />
        <Dependent type="60" displayName="Bookable Resource main form" parentDisplayName="Bookable Resource" id="{95c507bc-7bc6-ec11-a7b6-000d3a8dba7d}" />
      </MissingDependency>
      <MissingDependency>
        <Required type="1" schemaName="bookableresourcecharacteristic" displayName="Bookable Resource Characteristic" solution="msdynce_Scheduling (9.0.0.0)" />
        <Dependent type="80" schemaName="msemr_HealthcareAdministration" displayName="Healthcare Administration" />
      </MissingDependency>
      <MissingDependency>
        <Required type="1" schemaName="characteristic" displayName="Characteristic" solution="msdynce_Scheduling (9.0.0.0)" />
        <Dependent type="1" schemaName="characteristic" displayName="Characteristic" />
      </MissingDependency>
      <MissingDependency>
        <Required type="1" schemaName="characteristic" displayName="Characteristic" solution="msdynce_Scheduling (9.0.0.0)" />
        <Dependent type="26" schemaName="State Licenses" displayName="State Licenses" parentSchemaName="characteristic" parentDisplayName="Characteristic" id="{71bccecc-6cc5-ec11-a7b6-000d3a8dba7d}" />
      </MissingDependency>
      <MissingDependency>
        <Required type="1" schemaName="characteristic" displayName="Characteristic" solution="msdynce_Scheduling (9.0.0.0)" />
        <Dependent type="26" schemaName="Specialties" displayName="Specialties" parentSchemaName="characteristic" parentDisplayName="Characteristic" id="{af65d8fa-6cc5-ec11-a7b6-000d3a8dba7d}" />
      </MissingDependency>
      <MissingDependency>
        <Required type="1" schemaName="characteristic" displayName="Characteristic" solution="msdynce_Scheduling (9.0.0.0)" />
        <Dependent type="26" schemaName="Resources by Specialty" displayName="Resources by Specialty" parentSchemaName="bookableresourcecharacteristic" parentDisplayName="Bookable Resource Characteristic" id="{b0598099-6dc5-ec11-a7b6-000d3a8dba7d}" />
      </MissingDependency>
      <MissingDependency>
        <Required type="1" schemaName="characteristic" displayName="Characteristic" solution="msdynce_Scheduling (9.0.0.0)" />
        <Dependent type="26" schemaName="Resources by State License" displayName="Resources by State License" parentSchemaName="bookableresourcecharacteristic" parentDisplayName="Bookable Resource Characteristic" id="{e157ca7e-6dc5-ec11-a7b6-000d3a8dba7d}" />
      </MissingDependency>
      <MissingDependency>
        <Required type="1" schemaName="characteristic" displayName="Characteristic" solution="msdynce_Scheduling (9.0.0.0)" />
        <Dependent type="80" schemaName="msemr_HealthcareAdministration" displayName="Healthcare Administration" />
      </MissingDependency>
      <MissingDependency>
        <Required type="1" schemaName="msemr_allergyintolerance" displayName="Allergy Intolerance" solution="FHIRClinicalCore (3.0.3.1)">
          <package>FHIRAnchor (2.1.3.1)</package>
          <package>HealthcareFoundationAnchor (2.1.3.24)</package>
        </Required>
        <Dependent type="80" schemaName="msemr_HealthcareAdministration" displayName="Healthcare Administration" />
      </MissingDependency>
      <MissingDependency>
        <Required type="1" schemaName="msemr_appointmentemr" displayName="Appointment (EMR)" solution="FHIRCommonCore (3.0.3.2)">
          <package>FHIRAnchor (2.1.3.1)</package>
          <package>HealthcareFoundationAnchor (2.1.3.24)</package>
        </Required>
        <Dependent type="80" schemaName="msemr_HealthcareAdministration" displayName="Healthcare Administration" />
      </MissingDependency>
      <MissingDependency>
        <Required type="1" schemaName="msemr_careplan" displayName="Care Plan" solution="FHIRCommonCore (3.0.3.2)">
          <package>FHIRAnchor (2.1.3.1)</package>
          <package>HealthcareFoundationAnchor (2.1.3.24)</package>
        </Required>
        <Dependent type="80" schemaName="msemr_HealthcareAdministration" displayName="Healthcare Administration" />
      </MissingDependency>
      <MissingDependency>
        <Required type="1" schemaName="msemr_careteam" displayName="Care Team" solution="FHIRCommonCore (3.0.3.2)">
          <package>FHIRAnchor (2.1.3.1)</package>
          <package>HealthcareFoundationAnchor (2.1.3.24)</package>
        </Required>
        <Dependent type="80" schemaName="msemr_HealthcareAdministration" displayName="Healthcare Administration" />
      </MissingDependency>
      <MissingDependency>
        <Required type="1" schemaName="msemr_careteamparticipant" displayName="Care Team Participant" solution="FHIRClinicalCareTeam (3.0.3.1)">
          <package>FHIRAnchor (2.1.3.1)</package>
          <package>HealthcareFoundationAnchor (2.1.3.24)</package>
        </Required>
        <Dependent type="80" schemaName="msemr_HealthcareAdministration" displayName="Healthcare Administration" />
      </MissingDependency>
      <MissingDependency>
        <Required type="1" schemaName="msemr_claim" displayName="Claim" solution="FHIRFinancial (3.0.3.1)">
          <package>FHIRAnchor (2.1.3.1)</package>
          <package>HealthcareFoundationAnchor (2.1.3.24)</package>
        </Required>
        <Dependent type="80" schemaName="msemr_HealthcareAdministration" displayName="Healthcare Administration" />
      </MissingDependency>
      <MissingDependency>
        <Required type="1" schemaName="msemr_codeableconcept" displayName="Codeable Concept" solution="FHIRCommonCore (3.0.3.2)">
          <package>FHIRAnchor (2.1.3.1)</package>
          <package>HealthcareFoundationAnchor (2.1.3.24)</package>
        </Required>
        <Dependent type="80" schemaName="msemr_HealthcareAdministration" displayName="Healthcare Administration" />
      </MissingDependency>
      <MissingDependency>
        <Required type="1" schemaName="msemr_condition" displayName="Condition" solution="FHIRCommonCore (3.0.3.2)">
          <package>FHIRAnchor (2.1.3.1)</package>
          <package>HealthcareFoundationAnchor (2.1.3.24)</package>
        </Required>
        <Dependent type="80" schemaName="msemr_HealthcareAdministration" displayName="Healthcare Administration" />
      </MissingDependency>
      <MissingDependency>
        <Required type="1" schemaName="msemr_coverage" displayName="Coverage" solution="FHIRFinancial (3.0.3.1)">
          <package>FHIRAnchor (2.1.3.1)</package>
          <package>HealthcareFoundationAnchor (2.1.3.24)</package>
        </Required>
        <Dependent type="80" schemaName="msemr_HealthcareAdministration" displayName="Healthcare Administration" />
      </MissingDependency>
      <MissingDependency>
        <Required type="1" schemaName="msemr_encounter" displayName="Encounter" solution="FHIRCommonCore (3.0.3.2)">
          <package>FHIRAnchor (2.1.3.1)</package>
          <package>HealthcareFoundationAnchor (2.1.3.24)</package>
        </Required>
        <Dependent type="80" schemaName="msemr_HealthcareAdministration" displayName="Healthcare Administration" />
      </MissingDependency>
      <MissingDependency>
        <Required type="1" schemaName="msemr_location" displayName="Native Location" solution="FHIRCommonCore (3.0.3.2)">
          <package>FHIRAnchor (2.1.3.1)</package>
          <package>HealthcareFoundationAnchor (2.1.3.24)</package>
        </Required>
        <Dependent type="80" schemaName="msemr_HealthcareAdministration" displayName="Healthcare Administration" />
      </MissingDependency>
      <MissingDependency>
        <Required type="1" schemaName="msemr_medicationrequest" displayName="Medication Request" solution="FHIRCommonCore (3.0.3.2)">
          <package>FHIRAnchor (2.1.3.1)</package>
          <package>HealthcareFoundationAnchor (2.1.3.24)</package>
        </Required>
        <Dependent type="80" schemaName="msemr_HealthcareAdministration" displayName="Healthcare Administration" />
      </MissingDependency>
      <MissingDependency>
        <Required type="1" schemaName="msemr_observation" displayName="Observation" solution="FHIRCommonCore (3.0.3.2)">
          <package>FHIRAnchor (2.1.3.1)</package>
          <package>HealthcareFoundationAnchor (2.1.3.24)</package>
        </Required>
        <Dependent type="80" schemaName="msemr_HealthcareAdministration" displayName="Healthcare Administration" />
      </MissingDependency>
      <MissingDependency>
        <Required type="1" schemaName="msemr_procedure" displayName="Procedure" solution="FHIRCommonCore (3.0.3.2)">
          <package>FHIRAnchor (2.1.3.1)</package>
          <package>HealthcareFoundationAnchor (2.1.3.24)</package>
        </Required>
        <Dependent type="80" schemaName="msemr_HealthcareAdministration" displayName="Healthcare Administration" />
      </MissingDependency>
      <MissingDependency>
        <Required type="1" schemaName="msemr_ve_encounter" displayName="Encounter" solution="HealthcareVirtualEntities (1.1.2.4)">
          <package>FHIRFlexPreviewAnchor (1.0.2.4)</package>
        </Required>
        <Dependent type="80" schemaName="msemr_HealthcareAdministration" displayName="Healthcare Administration" />
      </MissingDependency>
      <MissingDependency>
        <Required type="1" schemaName="msemr_ve_location" displayName="Location" solution="HealthcareVirtualEntities (1.1.2.4)">
          <package>FHIRFlexPreviewAnchor (1.0.2.4)</package>
        </Required>
        <Dependent type="80" schemaName="msemr_HealthcareAdministration" displayName="Healthcare Administration" />
      </MissingDependency>
      <MissingDependency>
        <Required type="1" schemaName="msemr_ve_observation" displayName="Observation" solution="HealthcareVirtualEntities (1.1.2.4)">
          <package>FHIRFlexPreviewAnchor (1.0.2.4)</package>
        </Required>
        <Dependent type="80" schemaName="msemr_HealthcareAdministration" displayName="Healthcare Administration" />
      </MissingDependency>
      <MissingDependency>
        <Required type="10" schemaName="msdyn_bookableresource_msdyn_bookableresourceassociation_Resource1" displayName="msdyn_bookableresource_msdyn_bookableresourceassociation_Resource1" parentSchemaName="bookableresource" parentDisplayName="Bookable Resource" solution="MicrosoftDynamicsScheduling (3.12.0.448)" />
        <Dependent type="60" displayName="Bookable Resource main form" parentDisplayName="Bookable Resource" id="{95c507bc-7bc6-ec11-a7b6-000d3a8dba7d}" />
      </MissingDependency>
      <MissingDependency>
        <Required type="10" schemaName="msdyn_bookableresource_msdyn_bookableresourceassociation_Resource2" displayName="msdyn_bookableresource_msdyn_bookableresourceassociation_Resource2" parentSchemaName="bookableresource" parentDisplayName="Bookable Resource" solution="MicrosoftDynamicsScheduling (3.12.0.448)" />
        <Dependent type="60" displayName="Bookable Resource main form" parentDisplayName="Bookable Resource" id="{95c507bc-7bc6-ec11-a7b6-000d3a8dba7d}" />
      </MissingDependency>
      <MissingDependency>
        <Required type="10" schemaName="msdyn_bookableresource_msdyn_resourceterritory_Resource" displayName="msdyn_bookableresource_msdyn_resourceterritory_Resource" parentSchemaName="bookableresource" parentDisplayName="Bookable Resource" solution="MicrosoftDynamicsScheduling (3.12.0.448)" />
        <Dependent type="60" displayName="Bookable Resource main form" parentDisplayName="Bookable Resource" id="{95c507bc-7bc6-ec11-a7b6-000d3a8dba7d}" />
      </MissingDependency>
      <MissingDependency>
        <Required type="10" schemaName="msdyn_bookableresource_msdyn_timeoffrequest_Resource" displayName="msdyn_bookableresource_msdyn_timeoffrequest_Resource" parentSchemaName="bookableresource" parentDisplayName="Bookable Resource" solution="FieldService (8.8.0.88)" />
        <Dependent type="60" displayName="Bookable Resource main form" parentDisplayName="Bookable Resource" id="{95c507bc-7bc6-ec11-a7b6-000d3a8dba7d}" />
      </MissingDependency>
      <MissingDependency>
        <Required type="10" schemaName="msdyn_equipment_bookableresource_FacilityEquipmentId" displayName="msdyn_equipment_bookableresource_FacilityEquipmentId" parentSchemaName="equipment" parentDisplayName="Facility/Equipment" solution="msdynce_CoreServiceScheduling (9.0.21084.1003)" />
        <Dependent type="60" displayName="Bookable Resource main form" parentDisplayName="Bookable Resource" id="{95c507bc-7bc6-ec11-a7b6-000d3a8dba7d}" />
      </MissingDependency>
      <MissingDependency>
        <Required type="10" schemaName="msdyn_msdyn_organizationalunit_bookableresource_organizationalunit" displayName="msdyn_msdyn_organizationalunit_bookableresource_organizationalunit" parentSchemaName="msdyn_organizationalunit" parentDisplayName="Organizational Unit" solution="MicrosoftDynamicsScheduling (3.12.0.448)" />
        <Dependent type="60" displayName="Bookable Resource main form" parentDisplayName="Bookable Resource" id="{95c507bc-7bc6-ec11-a7b6-000d3a8dba7d}" />
      </MissingDependency>
      <MissingDependency>
        <Required type="2" schemaName="accountid" displayName="Account" parentSchemaName="bookableresource" parentDisplayName="Bookable Resource" solution="msdynce_Scheduling (9.0.0.0)" />
        <Dependent type="60" displayName="Bookable Resource main form" parentDisplayName="Bookable Resource" id="{95c507bc-7bc6-ec11-a7b6-000d3a8dba7d}" />
      </MissingDependency>
      <MissingDependency>
        <Required type="2" schemaName="calendarid" displayName="Calendar" parentSchemaName="bookableresource" parentDisplayName="Bookable Resource" solution="msdynce_Scheduling (9.0.0.0)" />
        <Dependent type="60" displayName="Bookable Resource main form" parentDisplayName="Bookable Resource" id="{95c507bc-7bc6-ec11-a7b6-000d3a8dba7d}" />
      </MissingDependency>
      <MissingDependency>
        <Required type="2" schemaName="contactid" displayName="Contact" parentSchemaName="bookableresource" parentDisplayName="Bookable Resource" solution="msdynce_Scheduling (9.0.0.0)" />
        <Dependent type="60" displayName="Bookable Resource main form" parentDisplayName="Bookable Resource" id="{95c507bc-7bc6-ec11-a7b6-000d3a8dba7d}" />
      </MissingDependency>
      <MissingDependency>
        <Required type="2" schemaName="msdyn_derivecapacity" displayName="Derive Capacity From Group Members" parentSchemaName="bookableresource" parentDisplayName="Bookable Resource" solution="MicrosoftDynamicsScheduling (3.12.0.448)" />
        <Dependent type="60" displayName="Bookable Resource main form" parentDisplayName="Bookable Resource" id="{95c507bc-7bc6-ec11-a7b6-000d3a8dba7d}" />
      </MissingDependency>
      <MissingDependency>
        <Required type="2" schemaName="msdyn_displayonscheduleassistant" displayName="Enable for Availability Search" parentSchemaName="bookableresource" parentDisplayName="Bookable Resource" solution="MicrosoftDynamicsScheduling (3.12.0.448)" />
        <Dependent type="60" displayName="Bookable Resource main form" parentDisplayName="Bookable Resource" id="{95c507bc-7bc6-ec11-a7b6-000d3a8dba7d}" />
      </MissingDependency>
      <MissingDependency>
        <Required type="2" schemaName="msdyn_displayonscheduleboard" displayName="Display On Schedule Board" parentSchemaName="bookableresource" parentDisplayName="Bookable Resource" solution="MicrosoftDynamicsScheduling (3.12.0.448)" />
        <Dependent type="60" displayName="Bookable Resource main form" parentDisplayName="Bookable Resource" id="{95c507bc-7bc6-ec11-a7b6-000d3a8dba7d}" />
      </MissingDependency>
      <MissingDependency>
        <Required type="2" schemaName="msdyn_enableappointments" displayName="Include Appointments" parentSchemaName="bookableresource" parentDisplayName="Bookable Resource" solution="MicrosoftDynamicsScheduling3_CumulativePatch (3.12.51.1)" />
        <Dependent type="60" displayName="Bookable Resource main form" parentDisplayName="Bookable Resource" id="{95c507bc-7bc6-ec11-a7b6-000d3a8dba7d}" />
      </MissingDependency>
      <MissingDependency>
        <Required type="2" schemaName="msdyn_endlocation" displayName="End Location" parentSchemaName="bookableresource" parentDisplayName="Bookable Resource" solution="MicrosoftDynamicsScheduling (3.12.0.448)" />
        <Dependent type="60" displayName="Bookable Resource main form" parentDisplayName="Bookable Resource" id="{95c507bc-7bc6-ec11-a7b6-000d3a8dba7d}" />
      </MissingDependency>
      <MissingDependency>
        <Required type="2" schemaName="msdyn_facilityequipmentid" displayName="Facility Equipment" parentSchemaName="bookableresource" parentDisplayName="Bookable Resource" solution="msdynce_CoreServiceScheduling (9.0.21084.1003)" />
        <Dependent type="60" displayName="Bookable Resource main form" parentDisplayName="Bookable Resource" id="{95c507bc-7bc6-ec11-a7b6-000d3a8dba7d}" />
      </MissingDependency>
      <MissingDependency>
        <Required type="2" schemaName="msdyn_generictype" displayName="Generic Type (Deprecated)" parentSchemaName="bookableresource" parentDisplayName="Bookable Resource" solution="MicrosoftDynamicsScheduling (3.12.0.448)" />
        <Dependent type="60" displayName="Bookable Resource main form" parentDisplayName="Bookable Resource" id="{95c507bc-7bc6-ec11-a7b6-000d3a8dba7d}" />
      </MissingDependency>
      <MissingDependency>
        <Required type="2" schemaName="msdyn_organizationalunit" displayName="Organizational Unit" parentSchemaName="bookableresource" parentDisplayName="Bookable Resource" solution="MicrosoftDynamicsScheduling (3.12.0.448)" />
        <Dependent type="60" displayName="Bookable Resource main form" parentDisplayName="Bookable Resource" id="{95c507bc-7bc6-ec11-a7b6-000d3a8dba7d}" />
      </MissingDependency>
      <MissingDependency>
        <Required type="2" schemaName="msdyn_pooltype" displayName="Pool Type" parentSchemaName="bookableresource" parentDisplayName="Bookable Resource" solution="MicrosoftDynamicsScheduling (3.12.0.448)" />
        <Dependent type="60" displayName="Bookable Resource main form" parentDisplayName="Bookable Resource" id="{95c507bc-7bc6-ec11-a7b6-000d3a8dba7d}" />
      </MissingDependency>
      <MissingDependency>
        <Required type="2" schemaName="msdyn_primaryemail" displayName="Primary Email" parentSchemaName="bookableresource" parentDisplayName="Bookable Resource" solution="MicrosoftDynamicsScheduling (3.12.0.448)" />
        <Dependent type="60" displayName="Bookable Resource main form" parentDisplayName="Bookable Resource" id="{95c507bc-7bc6-ec11-a7b6-000d3a8dba7d}" />
      </MissingDependency>
      <MissingDependency>
        <Required type="2" schemaName="msdyn_startlocation" displayName="Start Location" parentSchemaName="bookableresource" parentDisplayName="Bookable Resource" solution="MicrosoftDynamicsScheduling (3.12.0.448)" />
        <Dependent type="60" displayName="Bookable Resource main form" parentDisplayName="Bookable Resource" id="{95c507bc-7bc6-ec11-a7b6-000d3a8dba7d}" />
      </MissingDependency>
      <MissingDependency>
        <Required type="2" schemaName="name" displayName="Name" parentSchemaName="bookableresource" parentDisplayName="Bookable Resource" solution="msdynce_Scheduling (9.0.0.0)" />
        <Dependent type="60" displayName="Bookable Resource main form" parentDisplayName="Bookable Resource" id="{95c507bc-7bc6-ec11-a7b6-000d3a8dba7d}" />
      </MissingDependency>
      <MissingDependency>
        <Required type="2" schemaName="resourcetype" displayName="Resource Type" parentSchemaName="bookableresource" parentDisplayName="Bookable Resource" solution="msdynce_Scheduling (9.0.0.0)" />
        <Dependent type="60" displayName="Bookable Resource main form" parentDisplayName="Bookable Resource" id="{95c507bc-7bc6-ec11-a7b6-000d3a8dba7d}" />
      </MissingDependency>
      <MissingDependency>
        <Required type="2" schemaName="timezone" displayName="Time Zone" parentSchemaName="bookableresource" parentDisplayName="Bookable Resource" solution="msdynce_Scheduling (9.0.0.0)" />
        <Dependent type="60" displayName="Bookable Resource main form" parentDisplayName="Bookable Resource" id="{95c507bc-7bc6-ec11-a7b6-000d3a8dba7d}" />
      </MissingDependency>
      <MissingDependency>
        <Required type="2" schemaName="userid" displayName="User" parentSchemaName="bookableresource" parentDisplayName="Bookable Resource" solution="msdynce_Scheduling (9.0.0.0)" />
        <Dependent type="60" displayName="Bookable Resource main form" parentDisplayName="Bookable Resource" id="{95c507bc-7bc6-ec11-a7b6-000d3a8dba7d}" />
      </MissingDependency>
      <MissingDependency>
        <Required type="2" schemaName="bookableresourcecharacteristicid" displayName="Bookable Resource Characteristic" parentSchemaName="bookableresourcecharacteristic" parentDisplayName="Bookable Resource Characteristic" solution="msdynce_Scheduling (9.0.0.0)" />
        <Dependent type="26" schemaName="Resources by Specialty" displayName="Resources by Specialty" parentSchemaName="bookableresourcecharacteristic" parentDisplayName="Bookable Resource Characteristic" id="{b0598099-6dc5-ec11-a7b6-000d3a8dba7d}" />
      </MissingDependency>
      <MissingDependency>
        <Required type="2" schemaName="bookableresourcecharacteristicid" displayName="Bookable Resource Characteristic" parentSchemaName="bookableresourcecharacteristic" parentDisplayName="Bookable Resource Characteristic" solution="msdynce_Scheduling (9.0.0.0)" />
        <Dependent type="26" schemaName="Resources by State License" displayName="Resources by State License" parentSchemaName="bookableresourcecharacteristic" parentDisplayName="Bookable Resource Characteristic" id="{e157ca7e-6dc5-ec11-a7b6-000d3a8dba7d}" />
      </MissingDependency>
      <MissingDependency>
        <Required type="2" schemaName="characteristic" displayName="Characteristic" parentSchemaName="bookableresourcecharacteristic" parentDisplayName="Bookable Resource Characteristic" solution="msdynce_Scheduling (9.0.0.0)" />
        <Dependent type="26" schemaName="Resources by Specialty" displayName="Resources by Specialty" parentSchemaName="bookableresourcecharacteristic" parentDisplayName="Bookable Resource Characteristic" id="{b0598099-6dc5-ec11-a7b6-000d3a8dba7d}" />
      </MissingDependency>
      <MissingDependency>
        <Required type="2" schemaName="characteristic" displayName="Characteristic" parentSchemaName="bookableresourcecharacteristic" parentDisplayName="Bookable Resource Characteristic" solution="msdynce_Scheduling (9.0.0.0)" />
        <Dependent type="26" schemaName="Resources by State License" displayName="Resources by State License" parentSchemaName="bookableresourcecharacteristic" parentDisplayName="Bookable Resource Characteristic" id="{e157ca7e-6dc5-ec11-a7b6-000d3a8dba7d}" />
      </MissingDependency>
      <MissingDependency>
        <Required type="2" schemaName="name" displayName="Name" parentSchemaName="bookableresourcecharacteristic" parentDisplayName="Bookable Resource Characteristic" solution="msdynce_Scheduling (9.0.0.0)" />
        <Dependent type="26" schemaName="Resources by Specialty" displayName="Resources by Specialty" parentSchemaName="bookableresourcecharacteristic" parentDisplayName="Bookable Resource Characteristic" id="{b0598099-6dc5-ec11-a7b6-000d3a8dba7d}" />
      </MissingDependency>
      <MissingDependency>
        <Required type="2" schemaName="name" displayName="Name" parentSchemaName="bookableresourcecharacteristic" parentDisplayName="Bookable Resource Characteristic" solution="msdynce_Scheduling (9.0.0.0)" />
        <Dependent type="26" schemaName="Resources by State License" displayName="Resources by State License" parentSchemaName="bookableresourcecharacteristic" parentDisplayName="Bookable Resource Characteristic" id="{e157ca7e-6dc5-ec11-a7b6-000d3a8dba7d}" />
      </MissingDependency>
      <MissingDependency>
        <Required type="2" schemaName="resource" displayName="Resource" parentSchemaName="bookableresourcecharacteristic" parentDisplayName="Bookable Resource Characteristic" solution="msdynce_Scheduling (9.0.0.0)" />
        <Dependent type="26" schemaName="Resources by Specialty" displayName="Resources by Specialty" parentSchemaName="bookableresourcecharacteristic" parentDisplayName="Bookable Resource Characteristic" id="{b0598099-6dc5-ec11-a7b6-000d3a8dba7d}" />
      </MissingDependency>
      <MissingDependency>
        <Required type="2" schemaName="resource" displayName="Resource" parentSchemaName="bookableresourcecharacteristic" parentDisplayName="Bookable Resource Characteristic" solution="msdynce_Scheduling (9.0.0.0)" />
        <Dependent type="26" schemaName="Resources by State License" displayName="Resources by State License" parentSchemaName="bookableresourcecharacteristic" parentDisplayName="Bookable Resource Characteristic" id="{e157ca7e-6dc5-ec11-a7b6-000d3a8dba7d}" />
      </MissingDependency>
      <MissingDependency>
        <Required type="2" schemaName="characteristicid" displayName="Characteristic" parentSchemaName="characteristic" parentDisplayName="Characteristic" solution="msdynce_Scheduling (9.0.0.0)" />
        <Dependent type="26" schemaName="State Licenses" displayName="State Licenses" parentSchemaName="characteristic" parentDisplayName="Characteristic" id="{71bccecc-6cc5-ec11-a7b6-000d3a8dba7d}" />
      </MissingDependency>
      <MissingDependency>
        <Required type="2" schemaName="characteristicid" displayName="Characteristic" parentSchemaName="characteristic" parentDisplayName="Characteristic" solution="msdynce_Scheduling (9.0.0.0)" />
        <Dependent type="26" schemaName="Specialties" displayName="Specialties" parentSchemaName="characteristic" parentDisplayName="Characteristic" id="{af65d8fa-6cc5-ec11-a7b6-000d3a8dba7d}" />
      </MissingDependency>
      <MissingDependency>
        <Required type="2" schemaName="characteristicid" displayName="Characteristic" parentSchemaName="characteristic" parentDisplayName="Characteristic" solution="msdynce_Scheduling (9.0.0.0)" />
        <Dependent type="26" schemaName="Resources by Specialty" displayName="Resources by Specialty" parentSchemaName="bookableresourcecharacteristic" parentDisplayName="Bookable Resource Characteristic" id="{b0598099-6dc5-ec11-a7b6-000d3a8dba7d}" />
      </MissingDependency>
      <MissingDependency>
        <Required type="2" schemaName="characteristicid" displayName="Characteristic" parentSchemaName="characteristic" parentDisplayName="Characteristic" solution="msdynce_Scheduling (9.0.0.0)" />
        <Dependent type="26" schemaName="Resources by State License" displayName="Resources by State License" parentSchemaName="bookableresourcecharacteristic" parentDisplayName="Bookable Resource Characteristic" id="{e157ca7e-6dc5-ec11-a7b6-000d3a8dba7d}" />
      </MissingDependency>
      <MissingDependency>
        <Required type="2" schemaName="characteristictype" displayName="Characteristic Type" parentSchemaName="characteristic" parentDisplayName="Characteristic" solution="msdynce_Scheduling (9.0.0.0)" />
        <Dependent type="2" schemaName="characteristictype" displayName="Characteristic Type" parentSchemaName="characteristic" parentDisplayName="Characteristic" />
      </MissingDependency>
      <MissingDependency>
        <Required type="2" schemaName="characteristictype" displayName="Characteristic Type" parentSchemaName="characteristic" parentDisplayName="Characteristic" solution="msdynce_Scheduling (9.0.0.0)" />
        <Dependent type="26" schemaName="State Licenses" displayName="State Licenses" parentSchemaName="characteristic" parentDisplayName="Characteristic" id="{71bccecc-6cc5-ec11-a7b6-000d3a8dba7d}" />
      </MissingDependency>
      <MissingDependency>
        <Required type="2" schemaName="characteristictype" displayName="Characteristic Type" parentSchemaName="characteristic" parentDisplayName="Characteristic" solution="msdynce_Scheduling (9.0.0.0)" />
        <Dependent type="26" schemaName="Specialties" displayName="Specialties" parentSchemaName="characteristic" parentDisplayName="Characteristic" id="{af65d8fa-6cc5-ec11-a7b6-000d3a8dba7d}" />
      </MissingDependency>
      <MissingDependency>
        <Required type="2" schemaName="characteristictype" displayName="Characteristic Type" parentSchemaName="characteristic" parentDisplayName="Characteristic" solution="msdynce_Scheduling (9.0.0.0)" />
        <Dependent type="26" schemaName="Resources by Specialty" displayName="Resources by Specialty" parentSchemaName="bookableresourcecharacteristic" parentDisplayName="Bookable Resource Characteristic" id="{b0598099-6dc5-ec11-a7b6-000d3a8dba7d}" />
      </MissingDependency>
      <MissingDependency>
        <Required type="2" schemaName="characteristictype" displayName="Characteristic Type" parentSchemaName="characteristic" parentDisplayName="Characteristic" solution="msdynce_Scheduling (9.0.0.0)" />
        <Dependent type="26" schemaName="Resources by State License" displayName="Resources by State License" parentSchemaName="bookableresourcecharacteristic" parentDisplayName="Bookable Resource Characteristic" id="{e157ca7e-6dc5-ec11-a7b6-000d3a8dba7d}" />
      </MissingDependency>
      <MissingDependency>
        <Required type="2" schemaName="description" displayName="Description" parentSchemaName="characteristic" parentDisplayName="Characteristic" solution="msdynce_Scheduling (9.0.0.0)" />
        <Dependent type="26" schemaName="State Licenses" displayName="State Licenses" parentSchemaName="characteristic" parentDisplayName="Characteristic" id="{71bccecc-6cc5-ec11-a7b6-000d3a8dba7d}" />
      </MissingDependency>
      <MissingDependency>
        <Required type="2" schemaName="description" displayName="Description" parentSchemaName="characteristic" parentDisplayName="Characteristic" solution="msdynce_Scheduling (9.0.0.0)" />
        <Dependent type="26" schemaName="Specialties" displayName="Specialties" parentSchemaName="characteristic" parentDisplayName="Characteristic" id="{af65d8fa-6cc5-ec11-a7b6-000d3a8dba7d}" />
      </MissingDependency>
      <MissingDependency>
        <Required type="2" schemaName="name" displayName="Name" parentSchemaName="characteristic" parentDisplayName="Characteristic" solution="msdynce_Scheduling (9.0.0.0)" />
        <Dependent type="26" schemaName="State Licenses" displayName="State Licenses" parentSchemaName="characteristic" parentDisplayName="Characteristic" id="{71bccecc-6cc5-ec11-a7b6-000d3a8dba7d}" />
      </MissingDependency>
      <MissingDependency>
        <Required type="2" schemaName="name" displayName="Name" parentSchemaName="characteristic" parentDisplayName="Characteristic" solution="msdynce_Scheduling (9.0.0.0)" />
        <Dependent type="26" schemaName="Specialties" displayName="Specialties" parentSchemaName="characteristic" parentDisplayName="Characteristic" id="{af65d8fa-6cc5-ec11-a7b6-000d3a8dba7d}" />
      </MissingDependency>
      <MissingDependency>
        <Required type="26" schemaName="Resource Associated Categories" displayName="Resource Associated Categories" parentSchemaName="bookableresourcecategoryassn" parentDisplayName="Bookable Resource Category Assn" solution="msdynce_Scheduling (9.0.0.0)" id="{207a3738-fb9d-e511-80e7-00155db9c10d}" />
        <Dependent type="60" displayName="Bookable Resource main form" parentDisplayName="Bookable Resource" id="{95c507bc-7bc6-ec11-a7b6-000d3a8dba7d}" />
      </MissingDependency>
      <MissingDependency>
        <Required type="26" schemaName="Active Practitioners" displayName="Active Practitioners" parentSchemaName="contact" parentDisplayName="Contact" solution="HealthcareFoundation (3.0.3.3)" id="{4398634c-3ef4-ea11-a815-000d3a5bf119}">
          <package>HealthcareFoundationAnchor (2.1.3.24)</package>
        </Required>
        <Dependent type="80" schemaName="msemr_HealthcareAdministration" displayName="Healthcare Administration" />
      </MissingDependency>
      <MissingDependency>
        <Required type="26" schemaName="Active Codeable Concepts" displayName="Active Codeable Concepts" parentSchemaName="msemr_codeableconcept" parentDisplayName="Codeable Concept" solution="FHIRCommonCore (3.0.3.2)" id="{44c3752b-686f-4a4f-8078-2ff83304f8d4}">
          <package>FHIRAnchor (2.1.3.1)</package>
          <package>HealthcareFoundationAnchor (2.1.3.24)</package>
        </Required>
        <Dependent type="80" schemaName="msemr_HealthcareAdministration" displayName="Healthcare Administration" />
      </MissingDependency>
      <MissingDependency>
        <Required type="26" schemaName="Active Resource Category Assns" displayName="Active Resource Category Assns" parentSchemaName="bookableresourcecategoryassn" parentDisplayName="Bookable Resource Category Assn" solution="msdynce_Scheduling (9.0.0.0)" id="{533d1548-1e86-49cb-8c06-bff8ca02591d}" />
        <Dependent type="60" displayName="Bookable Resource main form" parentDisplayName="Bookable Resource" id="{95c507bc-7bc6-ec11-a7b6-000d3a8dba7d}" />
      </MissingDependency>
      <MissingDependency>
        <Required type="26" schemaName="Patients FHIR View" displayName="Patients FHIR View" parentSchemaName="contact" parentDisplayName="Contact" solution="FHIRSyncAgentCDMUpdates (3.0.3.2)" id="{53d511d7-a3fe-ea11-a815-000d3a37fc99}">
          <package>FHIRSyncAgentAnchor (2.1.3.3)</package>
        </Required>
        <Dependent type="80" schemaName="msemr_HealthcareAdministration" displayName="Healthcare Administration" />
      </MissingDependency>
      <MissingDependency>
        <Required type="26" schemaName="Active Bookable Resource Characteristics" displayName="Active Bookable Resource Characteristics" parentSchemaName="bookableresourcecharacteristic" parentDisplayName="Bookable Resource Characteristic" solution="msdynce_Scheduling (9.0.0.0)" id="{7e7fe0be-277f-4f14-9484-261412680ab4}" />
        <Dependent type="60" displayName="Bookable Resource main form" parentDisplayName="Bookable Resource" id="{95c507bc-7bc6-ec11-a7b6-000d3a8dba7d}" />
      </MissingDependency>
      <MissingDependency>
        <Required type="26" schemaName="Active Patients" displayName="Active Patients" parentSchemaName="contact" parentDisplayName="Contact" solution="HealthcareFoundation (3.0.3.3)" id="{81fbba27-3ef4-ea11-a815-000d3a5bf119}">
          <package>HealthcareFoundationAnchor (2.1.3.24)</package>
        </Required>
        <Dependent type="80" schemaName="msemr_HealthcareAdministration" displayName="Healthcare Administration" />
      </MissingDependency>
      <MissingDependency>
        <Required type="26" schemaName="Practitioners FHIR View" displayName="Practitioners FHIR View" parentSchemaName="contact" parentDisplayName="Contact" solution="FHIRSyncAgentCDMUpdates (3.0.3.2)" id="{93b5e50d-a4fe-ea11-a815-000d3a37fc99}">
          <package>FHIRSyncAgentAnchor (2.1.3.3)</package>
        </Required>
        <Dependent type="80" schemaName="msemr_HealthcareAdministration" displayName="Healthcare Administration" />
      </MissingDependency>
      <MissingDependency>
        <Required type="26" schemaName="All People" displayName="All People" parentSchemaName="contact" parentDisplayName="Contact" solution="HealthcareFoundation (3.0.3.3)" id="{a968a360-a50c-eb11-a813-000d3a31c867}">
          <package>HealthcareFoundationAnchor (2.1.3.24)</package>
        </Required>
        <Dependent type="80" schemaName="msemr_HealthcareAdministration" displayName="Healthcare Administration" />
      </MissingDependency>
      <MissingDependency>
        <Required type="26" schemaName="Resource Characteristics" displayName="Resource Characteristics" parentSchemaName="bookableresourcecharacteristic" parentDisplayName="Bookable Resource Characteristic" solution="msdynce_Scheduling (9.0.0.0)" id="{ae9e5ee4-02a9-e511-80e8-00155db9c10d}" />
        <Dependent type="60" displayName="Bookable Resource main form" parentDisplayName="Bookable Resource" id="{95c507bc-7bc6-ec11-a7b6-000d3a8dba7d}" />
      </MissingDependency>
      <MissingDependency>
        <Required type="60" displayName="CareTeamMemberCareTeam" parentDisplayName="Care Team" solution="HealthcareFoundation (3.0.3.3)" id="{06ba0d70-f59e-eb11-b1ac-000d3a379f3f}">
          <package>HealthcareFoundationAnchor (2.1.3.24)</package>
        </Required>
        <Dependent type="80" schemaName="msemr_HealthcareAdministration" displayName="Healthcare Administration" />
      </MissingDependency>
      <MissingDependency>
        <Required type="60" displayName="Allergy Intolerance Quick View" parentDisplayName="Allergy Intolerance" solution="HealthcareFoundation (3.0.3.3)" id="{0c12313e-dadc-ea11-a813-000d3a579c34}">
          <package>HealthcareFoundationAnchor (2.1.3.24)</package>
        </Required>
        <Dependent type="80" schemaName="msemr_HealthcareAdministration" displayName="Healthcare Administration" />
      </MissingDependency>
      <MissingDependency>
        <Required type="60" displayName="AddCareTeam" parentDisplayName="Contact" solution="HealthcareFoundation (3.0.3.3)" id="{0e7cefd9-6e51-47ca-862d-9e57dd6ee599}">
          <package>HealthcareFoundationAnchor (2.1.3.24)</package>
        </Required>
        <Dependent type="80" schemaName="msemr_HealthcareAdministration" displayName="Healthcare Administration" />
      </MissingDependency>
      <MissingDependency>
        <Required type="60" displayName="CareTeam" parentDisplayName="Contact" solution="HealthcareFoundation (3.0.3.3)" id="{12a72ee8-1887-4ac1-8e16-2e68c02d540f}">
          <package>HealthcareFoundationAnchor (2.1.3.24)</package>
        </Required>
        <Dependent type="80" schemaName="msemr_HealthcareAdministration" displayName="Healthcare Administration" />
      </MissingDependency>
      <MissingDependency>
        <Required type="60" displayName="Contact" parentDisplayName="Contact" solution="msdynce_AppCommon (9.0.4.0066)" id="{1fed44d1-ae68-4a41-bd2b-f13acac4acfa}">
          <package>msdynce_AppCommonAnchor (9.0.22034.10001)</package>
        </Required>
        <Dependent type="80" schemaName="msemr_HealthcareAdministration" displayName="Healthcare Administration" />
      </MissingDependency>
      <MissingDependency>
        <Required type="60" displayName="account contact card" parentDisplayName="Contact" solution="msdynce_AppCommon (9.0.4.0066)" id="{29de27bc-a257-4f29-99cf-bab4a84e688f}">
          <package>msdynce_AppCommonAnchor (9.0.22034.10001)</package>
        </Required>
        <Dependent type="80" schemaName="msemr_HealthcareAdministration" displayName="Healthcare Administration" />
      </MissingDependency>
      <MissingDependency>
        <Required type="60" displayName="Live Persona Card Form" parentDisplayName="Contact" solution="msdynce_AppCommonPatch201904 (9.0.22034.10001)" id="{449faa0e-f471-48ec-87d0-4719909546d2}">
          <package>msdynce_AppCommonAnchor (9.0.22034.10001)</package>
        </Required>
        <Dependent type="80" schemaName="msemr_HealthcareAdministration" displayName="Healthcare Administration" />
      </MissingDependency>
      <MissingDependency>
        <Required type="60" displayName="Contact Quick Create" parentDisplayName="Contact" solution="msdynce_AppCommon (9.0.4.0066)" id="{661157fe-2fc9-4eaa-835f-5bfa2f7b64f7}">
          <package>msdynce_AppCommonAnchor (9.0.22034.10001)</package>
        </Required>
        <Dependent type="80" schemaName="msemr_HealthcareAdministration" displayName="Healthcare Administration" />
      </MissingDependency>
      <MissingDependency>
        <Required type="60" displayName="Patient - Administrative" parentDisplayName="Contact" solution="HealthcarePatientViewPreview (1.0.2.2)" id="{6e4e9cbe-7b7d-4326-ad66-9831c61fe1fc}">
          <package>HealthcarePatientViewPreviewAnchor (1.0.2.2)</package>
        </Required>
        <Dependent type="80" schemaName="msemr_HealthcareAdministration" displayName="Healthcare Administration" />
      </MissingDependency>
      <MissingDependency>
        <Required type="60" displayName="contact card" parentDisplayName="Contact" solution="msdynce_AppCommon (9.0.4.0066)" id="{707fc57b-c5e6-471b-a180-e37ed28a38e2}">
          <package>msdynce_AppCommonAnchor (9.0.22034.10001)</package>
        </Required>
        <Dependent type="80" schemaName="msemr_HealthcareAdministration" displayName="Healthcare Administration" />
      </MissingDependency>
      <MissingDependency>
        <Required type="60" displayName="Allergy Intolerance Main" parentDisplayName="Allergy Intolerance" solution="FHIRClinicalCore (3.0.3.1)" id="{8763a01a-0955-481d-b36b-6912075140fa}">
          <package>FHIRAnchor (2.1.3.1)</package>
          <package>HealthcareFoundationAnchor (2.1.3.24)</package>
        </Required>
        <Dependent type="80" schemaName="msemr_HealthcareAdministration" displayName="Healthcare Administration" />
      </MissingDependency>
      <MissingDependency>
        <Required type="60" displayName="Information" parentDisplayName="Contact" solution="msdynce_AppCommon (9.0.4.0066)" id="{894cc46a-b0cb-4ab0-8bf6-200544e46a2d}">
          <package>msdynce_AppCommonAnchor (9.0.22034.10001)</package>
        </Required>
        <Dependent type="80" schemaName="msemr_HealthcareAdministration" displayName="Healthcare Administration" />
      </MissingDependency>
      <MissingDependency>
        <Required type="60" displayName="Patient Quick View" parentDisplayName="Contact" solution="HealthcareFoundation (3.0.3.3)" id="{8abf88b0-c1e0-ea11-a813-000d3a579c39}">
          <package>HealthcareFoundationAnchor (2.1.3.24)</package>
        </Required>
        <Dependent type="80" schemaName="msemr_HealthcareAdministration" displayName="Healthcare Administration" />
      </MissingDependency>
      <MissingDependency>
        <Required type="60" displayName="Medication Request Patient" parentDisplayName="Medication Request" solution="HealthcareFoundation (3.0.3.3)" id="{9427f6e7-5c8a-4464-8047-ef5d066cc869}">
          <package>HealthcareFoundationAnchor (2.1.3.24)</package>
        </Required>
        <Dependent type="80" schemaName="msemr_HealthcareAdministration" displayName="Healthcare Administration" />
      </MissingDependency>
      <MissingDependency>
        <Required type="60" displayName="CareTeamMemberContact" parentDisplayName="Contact" solution="HealthcareFoundation (3.0.3.3)" id="{9577943f-35ac-4b59-8588-36ba2d96e4f0}">
          <package>HealthcareFoundationAnchor (2.1.3.24)</package>
        </Required>
        <Dependent type="80" schemaName="msemr_HealthcareAdministration" displayName="Healthcare Administration" />
      </MissingDependency>
      <MissingDependency>
        <Required type="60" displayName="Allergy Clinical Timeline" parentDisplayName="Allergy Intolerance" solution="HealthcareFoundation (3.0.3.3)" id="{a834a6b9-be3f-eb11-a813-000d3a55df44}">
          <package>HealthcareFoundationAnchor (2.1.3.24)</package>
        </Required>
        <Dependent type="80" schemaName="msemr_HealthcareAdministration" displayName="Healthcare Administration" />
      </MissingDependency>
      <MissingDependency>
        <Required type="60" displayName="Patient" parentDisplayName="Contact" solution="HealthcareFoundation (3.0.3.3)" id="{adfda52b-3fed-ea11-a817-000d3a8ddfb2}">
          <package>HealthcareFoundationAnchor (2.1.3.24)</package>
        </Required>
        <Dependent type="80" schemaName="msemr_HealthcareAdministration" displayName="Healthcare Administration" />
      </MissingDependency>
      <MissingDependency>
        <Required type="60" displayName="Information" parentDisplayName="Allergy Intolerance" solution="FHIRClinicalCore (3.0.3.1)" id="{b34d3697-e779-46f9-b817-35e8ed8c3758}">
          <package>FHIRAnchor (2.1.3.1)</package>
          <package>HealthcareFoundationAnchor (2.1.3.24)</package>
        </Required>
        <Dependent type="80" schemaName="msemr_HealthcareAdministration" displayName="Healthcare Administration" />
      </MissingDependency>
      <MissingDependency>
        <Required type="60" displayName="Medication Request Clinical Timeline" parentDisplayName="Medication Request" solution="HealthcareFoundation (3.0.3.3)" id="{ba7bcfb5-3f3f-eb11-a813-000d3a122b89}">
          <package>HealthcareFoundationAnchor (2.1.3.24)</package>
        </Required>
        <Dependent type="80" schemaName="msemr_HealthcareAdministration" displayName="Healthcare Administration" />
      </MissingDependency>
      <MissingDependency>
        <Required type="60" displayName="Contact Quick Form" parentDisplayName="Contact" solution="msdynce_AppCommon (9.0.4.0066)" id="{bdb0ae1c-32fa-4374-b637-8dafe107bc44}">
          <package>msdynce_AppCommonAnchor (9.0.22034.10001)</package>
        </Required>
        <Dependent type="80" schemaName="msemr_HealthcareAdministration" displayName="Healthcare Administration" />
      </MissingDependency>
      <MissingDependency>
        <Required type="60" displayName="CareTeamMemberOrg" parentDisplayName="Account" solution="HealthcareFoundation (3.0.3.3)" id="{d4212d2c-f39e-eb11-b1ac-000d3a3797e6}">
          <package>HealthcareFoundationAnchor (2.1.3.24)</package>
        </Required>
        <Dependent type="80" schemaName="msemr_HealthcareAdministration" displayName="Healthcare Administration" />
      </MissingDependency>
      <MissingDependency>
        <Required type="60" displayName="Contact Reference Panel" parentDisplayName="Contact" solution="msdynce_AppCommon (9.0.4.0066)" id="{d880c3cf-80e2-42f3-82f9-24d040d09f17}">
          <package>msdynce_AppCommonAnchor (9.0.22034.10001)</package>
        </Required>
        <Dependent type="80" schemaName="msemr_HealthcareAdministration" displayName="Healthcare Administration" />
      </MissingDependency>
      <MissingDependency>
        <Required type="60" displayName="Practitioner" parentDisplayName="Contact" solution="HealthcareFoundation (3.0.3.3)" id="{dddd922b-0f07-eb11-a813-000d3a31c867}">
          <package>HealthcareFoundationAnchor (2.1.3.24)</package>
        </Required>
        <Dependent type="80" schemaName="msemr_HealthcareAdministration" displayName="Healthcare Administration" />
      </MissingDependency>
      <MissingDependency>
        <Required type="60" displayName="Care Team Participant Quick View" parentDisplayName="Care Team Participant" solution="FHIRClinicalCareTeam (3.0.3.1)" id="{fae059e3-6b7e-472d-991f-9235389211e8}">
          <package>FHIRAnchor (2.1.3.1)</package>
          <package>HealthcareFoundationAnchor (2.1.3.24)</package>
        </Required>
        <Dependent type="80" schemaName="msemr_HealthcareAdministration" displayName="Healthcare Administration" />
      </MissingDependency>
      <MissingDependency>
        <Required type="60" displayName="Allergy Intolerance Quick Create" parentDisplayName="Allergy Intolerance" solution="HealthcareFoundation (3.0.3.3)" id="{ff37ae15-fadb-ea11-a813-000d3a4e3654}">
          <package>HealthcareFoundationAnchor (2.1.3.24)</package>
        </Required>
        <Dependent type="80" schemaName="msemr_HealthcareAdministration" displayName="Healthcare Administration" />
      </MissingDependency>
      <MissingDependency>
        <Required type="61" schemaName="msdyn_/BookableResource/FS.BookableResource.Library.js" displayName="msdyn_/BookableResource/FS.BookableResource.Library.js" solution="FieldService (8.8.0.88)" />
        <Dependent type="60" displayName="Bookable Resource main form" parentDisplayName="Bookable Resource" id="{95c507bc-7bc6-ec11-a7b6-000d3a8dba7d}" />
      </MissingDependency>
      <MissingDependency>
        <Required type="61" schemaName="msdyn_/CoreServiceScheduling/BookableResource/BookableResource_CoreServiceScheduling.js" displayName="msdyn_/CoreServiceScheduling/BookableResource/BookableResource_CoreServiceScheduling.js" solution="msdynce_CoreServiceScheduling (9.0.21084.1003)" />
        <Dependent type="60" displayName="Bookable Resource main form" parentDisplayName="Bookable Resource" id="{95c507bc-7bc6-ec11-a7b6-000d3a8dba7d}" />
      </MissingDependency>
      <MissingDependency>
        <Required type="61" schemaName="msdyn_/fps/BookableResource/BookableResource.Library.js" displayName="msdyn_/fps/BookableResource/BookableResource.Library.js" solution="MicrosoftDynamicsScheduling (3.12.0.448)" />
        <Dependent type="60" displayName="Bookable Resource main form" parentDisplayName="Bookable Resource" id="{95c507bc-7bc6-ec11-a7b6-000d3a8dba7d}" />
      </MissingDependency>
      <MissingDependency>
        <Required type="61" schemaName="msemr_/_imgs/HealthcareProvider_AppIcon.svg" displayName="msemr_/_imgs/HealthcareProvider_AppIcon.svg" solution="HealthcareFoundation (3.0.3.3)">
          <package>HealthcareFoundationAnchor (2.1.3.24)</package>
        </Required>
        <Dependent type="80" schemaName="msemr_HealthcareAdministration" displayName="Healthcare Administration" />
      </MissingDependency>
      <MissingDependency>
        <Required type="61" schemaName="Scheduling/BookableResource/BookableResource_main_system_library.js" displayName="Scheduling/BookableResource/BookableResource_main_system_library.js" solution="msdynce_Scheduling (9.0.0.0)" />
        <Dependent type="60" displayName="Bookable Resource main form" parentDisplayName="Bookable Resource" id="{95c507bc-7bc6-ec11-a7b6-000d3a8dba7d}" />
      </MissingDependency>
      <MissingDependency>
        <Required type="62" schemaName="msemr_HealthcareAdministration" solution="HealthcareFoundation (3.0.3.3)">
          <package>HealthcareFoundationAnchor (2.1.3.24)</package>
        </Required>
        <Dependent type="62" schemaName="msemr_HealthcareAdministration" />
      </MissingDependency>
      <MissingDependency>
        <Required type="62" schemaName="msemr_HealthcareAdministration" solution="HealthcareFoundation (3.0.3.3)">
          <package>HealthcareFoundationAnchor (2.1.3.24)</package>
        </Required>
        <Dependent type="80" schemaName="msemr_HealthcareAdministration" displayName="Healthcare Administration" />
      </MissingDependency>
      <MissingDependency>
        <Required type="66" schemaName="MscrmControls.ModelForm.ModelFormControl" displayName="MscrmControls.ModelForm.ModelFormControl" solution="BaseCustomControlsCore (9.0.2203.4012)" />
        <Dependent type="60" displayName="Bookable Resource main form" parentDisplayName="Bookable Resource" id="{95c507bc-7bc6-ec11-a7b6-000d3a8dba7d}" />
      </MissingDependency>
      <MissingDependency>
        <Required type="66" schemaName="MscrmControls.WorkHourControl.WorkHourControl" displayName="MscrmControls.WorkHourControl.WorkHourControl" solution="msdyn_UCICalendar (1.0.0.1844)" />
        <Dependent type="60" displayName="Bookable Resource main form" parentDisplayName="Bookable Resource" id="{95c507bc-7bc6-ec11-a7b6-000d3a8dba7d}" />
      </MissingDependency>
      <MissingDependency>
        <Required type="80" schemaName="msemr_HealthcareAdministration" displayName="Healthcare Administration" solution="HealthcareFoundation (3.0.3.3)">
          <package>HealthcareFoundationAnchor (2.1.3.24)</package>
        </Required>
        <Dependent type="80" schemaName="msemr_HealthcareAdministration" displayName="Healthcare Administration" />
      </MissingDependency>
      <MissingDependency>
        <Required type="9" schemaName="bookableresourcecharacteristictype" displayName="Bookable Resource Characteristic Type" solution="msdynce_Scheduling (9.0.0.0)" />
        <Dependent type="9" schemaName="bookableresourcecharacteristictype" displayName="Bookable Resource Characteristic Type" />
      </MissingDependency>
    </MissingDependencies>
  </SolutionManifest>
</ImportExportXml>